id,year,wtssall,sampcode,n_size,age,educ,relig,sex,race
1,2004,0.9184,501,0,52,9,2,2,3
2,2004,0.9184,501,0,43,14,2,2,3
3,2004,0.4592,501,4,52,14,1,1,2
5,2004,0.9184,501,4,34,17,2,2,3
8,2004,0.4592,501,0,22,14,9,1,3
10,2004,3.6735,501,6,26,14,1,1,2
11,2004,0.9184,501,0,74,12,1,1,2
12,2004,0.9184,501,2,58,12,4,2,2
13,2004,0.9184,501,0,32,10,2,1,2
16,2004,0.4592,501,2,48,11,1,1,2
17,2004,1.8368,501,0,39,9,4,2,2
19,2004,0.9184,501,0,38,16,1,2,2
20,2004,1.8368,501,1,29,11,4,1,3
22,2004,1.3776,501,0,67,14,2,2,1
23,2004,0.9184,501,0,57,12,9,1,1
26,2004,1.8368,501,1,55,16,1,2,3
27,2004,0.9184,501,0,35,13,3,2,1
30,2004,0.4592,501,3,73,16,3,1,1
32,2004,0.4592,501,0,68,12,2,1,2
35,2004,2.3118,501,3,47,17,,2,1
36,2004,0.9184,501,6,58,16,3,2,1
38,2004,0.9184,501,0,29,19,3,1,1
46,2004,0.9184,501,3,55,16,5,1,3
48,2004,0.4592,501,0,33,18,4,1,1
49,2004,0.4592,501,0,26,13,4,2,1
52,2004,0.9184,501,0,30,17,4,1,3
53,2004,0.4592,501,0,37,12,2,2,2
54,2004,3.2663,501,2,49,12,2,1,1
55,2004,0.9184,501,1,23,12,2,1,1
57,2004,0.4592,501,3,47,16,4,1,1
59,2004,0.9184,501,4,55,16,4,2,1
60,2004,0.9184,501,1,74,16,3,1,1
61,2004,0.9184,501,2,49,16,1,1,1
62,2004,0.9184,501,2,40,16,2,1,1
63,2004,1.8368,501,3,40,20,8,2,3
65,2004,1.3776,501,2,55,20,7,1,3
66,2004,2.7551,501,2,48,18,3,2,1
69,2004,0.9184,501,1,57,18,4,2,1
70,2004,0.4592,501,4,59,18,1,2,1
71,2004,1.8368,501,2,38,16,2,2,2
72,2004,0.4592,501,3,33,17,1,2,2
74,2004,0.9184,501,2,45,15,1,2,2
75,2004,0.4592,501,4,41,16,1,2,2
79,2004,0.4592,501,0,57,10,2,2,3
80,2004,0.4592,501,5,66,18,2,2,1
83,2004,0.9184,501,3,30,17,2,2,1
84,2004,1.8368,501,6,48,16,2,1,1
87,2004,0.9184,501,0,32,16,4,1,3
89,2004,0.9184,501,1,33,15,7,1,3
90,2004,0.9184,501,5,69,12,1,2,1
92,2004,0.9184,501,6,31,15,7,1,3
93,2004,0.9184,501,3,31,14,7,1,3
94,2004,0.9184,501,2,45,13,2,2,1
95,2004,0.9184,501,3,79,12,2,2,1
96,2004,1.8368,501,1,18,12,2,2,1
99,2004,0.9184,501,0,63,12,1,1,1
103,2004,0.9184,501,6,37,16,2,2,1
105,2004,2.7551,501,0,33,14,9,2,3
106,2004,0.9184,501,3,50,17,2,2,1
110,2004,0.9184,501,0,57,15,2,2,3
112,2004,0.4592,501,3,60,9,2,1,1
113,2004,0.4592,501,0,74,14,2,2,1
116,2004,0.9184,501,2,34,18,2,2,1
117,2004,0.9184,501,4,60,20,2,1,1
120,2004,1.8368,501,1,35,16,4,1,1
122,2004,0.9184,501,0,35,20,2,1,1
125,2004,1.8368,501,4,47,12,2,2,1
129,2004,0.9184,501,3,62,12,2,1,1
130,2004,0.4592,501,0,61,15,2,1,1
131,2004,0.9184,501,3,56,6,10,2,1
133,2004,2.2143,501,2,19,11,4,1,1
135,2004,3.6735,501,2,55,14,2,1,1
136,2004,0.9184,501,2,32,18,2,2,1
139,2004,0.4592,501,4,50,14,4,1,1
140,2004,0.9184,501,2,24,12,1,2,1
143,2004,0.9184,501,1,50,12,4,2,1
144,2004,0.9184,501,4,55,16,4,2,1
146,2004,0.9184,501,0,49,15,2,1,1
149,2004,4.5919,501,0,28,14,2,1,1
151,2004,0.9184,501,1,61,9,2,1,2
152,2004,0.4592,501,2,35,12,2,2,1
155,2004,1.8368,501,2,32,16,2,1,1
156,2004,2.7551,501,1,58,12,2,1,1
159,2004,1.8368,501,1,33,19,1,1,1
160,2004,1.3776,501,4,58,12,1,1,1
163,2004,0.9184,502,0,33,16,2,1,1
166,2004,1.8368,502,2,25,11,11,1,1
168,2004,1.7514,502,0,,16,1,2,1
171,2004,0.9184,502,6,67,16,1,1,1
176,2004,0.9184,502,0,31,16,1,2,1
177,2004,0.9184,502,6,74,18,4,1,1
181,2004,0.9184,502,5,38,13,1,2,2
182,2004,0.4592,502,0,69,12,1,1,1
183,2004,0.9184,502,1,35,6,1,1,3
184,2004,0.4592,502,2,59,13,1,2,3
185,2004,0.9184,502,2,76,14,1,1,1
189,2004,0.9184,502,0,,12,4,1,1
191,2004,0.4592,502,0,79,12,1,2,1
193,2004,0.9184,502,4,47,15,5,1,1
194,2004,0.9184,502,0,62,,1,1,1
198,2004,0.4592,502,2,30,12,4,1,1
199,2004,0.4592,502,3,64,15,1,2,1
202,2004,1.3776,502,3,18,12,4,1,1
203,2004,1.8368,502,0,64,14,1,1,1
204,2004,0.9184,502,1,38,15,2,2,3
205,2004,0.9184,502,0,49,12,1,1,1
206,2004,1.8368,502,0,28,14,1,1,1
207,2004,0.9184,502,1,24,11,4,1,3
210,2004,1.8368,502,1,24,15,2,1,1
211,2004,1.3776,502,1,28,14,1,1,3
212,2004,0.9184,502,0,51,6,8,1,3
214,2004,1.8368,502,1,30,14,2,2,3
216,2004,2.2959,502,1,44,14,2,2,1
218,2004,1.8368,502,5,34,16,4,2,1
220,2004,1.3776,502,2,31,13,11,1,1
223,2004,0.9184,502,4,55,16,,1,3
225,2004,1.8368,502,0,23,12,1,1,2
227,2004,0.9184,502,0,36,11,2,1,1
229,2004,0.9184,502,4,26,12,2,2,1
230,2004,0.9184,502,1,33,13,2,2,3
233,2004,0.9184,502,6,57,17,1,1,1
235,2004,0.9184,502,2,64,10,1,2,1
237,2004,0.9184,502,3,26,14,2,2,3
238,2004,0.9184,502,4,28,16,2,2,3
239,2004,1.8368,502,2,41,13,1,2,1
240,2004,2.0616,502,0,70,14,2,1,1
243,2004,0.9184,502,0,40,18,1,1,2
248,2004,0.4592,502,0,62,12,11,2,1
250,2004,3.6735,502,5,59,18,3,2,1
252,2004,1.8368,502,2,62,11,4,1,1
253,2004,0.9184,502,5,49,17,1,2,1
255,2004,0.4592,502,3,44,14,5,1,1
258,2004,0.9184,502,5,50,12,3,1,1
259,2004,0.9184,502,3,44,20,3,2,1
260,2004,0.4592,502,1,28,17,3,1,1
261,2004,1.8368,503,4,24,17,2,2,1
262,2004,1.3776,503,3,20,14,2,1,3
264,2004,0.9184,503,0,38,12,4,1,3
266,2004,1.8368,503,2,24,11,4,2,2
267,2004,0.4592,503,0,54,14,1,2,2
268,2004,0.9184,503,4,49,20,2,1,1
269,2004,0.9184,503,6,32,16,10,2,1
270,2004,0.9184,503,4,27,16,2,2,1
271,2004,1.8368,503,3,25,15,2,1,1
273,2004,1.3776,503,1,18,12,2,2,3
276,2004,0.4592,503,6,36,12,2,2,1
277,2004,0.4592,503,0,19,13,11,1,1
278,2004,0.9184,503,6,60,16,1,2,1
280,2004,0.4592,503,6,39,18,1,2,1
281,2004,0.9184,503,4,28,16,1,1,1
284,2004,1.8368,503,3,42,19,2,2,1
285,2004,0.9184,503,3,46,16,2,1,1
287,2004,0.9184,503,1,35,16,2,2,1
289,2004,0.9184,503,3,53,16,2,2,1
290,2004,1.3776,503,1,50,14,2,2,1
292,2004,0.9184,503,0,45,12,2,2,1
294,2004,0.8757,503,2,49,14,5,1,1
296,2004,0.9184,503,2,25,16,2,2,1
299,2004,0.9184,503,3,46,16,2,1,1
300,2004,0.9184,503,3,23,14,2,1,1
301,2004,0.9184,503,3,39,16,2,2,1
302,2004,0.4592,503,2,22,14,2,2,3
305,2004,0.8757,503,3,46,13,2,1,1
309,2004,0.9184,503,1,41,12,1,1,1
313,2004,0.4592,503,1,56,12,2,1,1
314,2004,1.3776,503,2,18,11,1,1,1
316,2004,2.2959,503,6,50,16,1,2,1
317,2004,0.9184,503,3,48,12,2,1,1
320,2004,0.9184,503,2,60,12,2,1,1
322,2004,1.8368,503,2,43,12,2,1,1
323,2004,1.3776,503,4,52,15,2,2,1
324,2004,0.9184,503,1,24,15,1,2,2
326,2004,0.4592,503,2,62,15,1,1,2
328,2004,0.9184,503,1,37,16,4,2,1
330,2004,0.9184,503,2,54,15,1,1,2
331,2004,0.4592,503,2,24,13,2,2,2
333,2004,0.4592,504,1,35,12,4,1,2
335,2004,0.9184,504,0,49,13,2,2,3
336,2004,3.6735,504,2,24,16,4,1,1
337,2004,0.4592,504,6,50,16,4,2,1
340,2004,0.4592,504,3,82,16,2,2,1
342,2004,1.8368,504,1,44,20,4,1,3
344,2004,1.8368,504,1,28,12,1,2,1
345,2004,0.9184,504,3,33,14,4,2,1
346,2004,2.7551,504,1,40,12,4,1,1
349,2004,0.4592,504,0,41,14,2,2,1
350,2004,0.9184,504,5,58,16,2,1,1
353,2004,1.8368,504,6,37,16,2,2,1
354,2004,0.9184,504,1,67,14,1,1,1
355,2004,1.8368,504,2,46,14,1,2,3
356,2004,0.9184,504,2,35,12,4,1,1
358,2004,1.8368,504,4,81,12,3,1,1
359,2004,5.5103,504,2,57,16,2,2,3
360,2004,0.9184,504,3,32,12,2,2,1
361,2004,3.6735,504,3,42,12,2,2,3
363,2004,0.4592,504,2,48,15,3,2,1
365,2004,0.9184,504,2,51,18,2,1,1
366,2004,1.3776,504,3,89,16,2,1,1
369,2004,0.4592,504,0,47,10,9,1,3
370,2004,0.9184,504,5,53,17,4,2,1
372,2004,0.9184,504,6,66,13,4,2,1
373,2004,0.9184,504,6,68,18,2,2,1
374,2004,0.9184,504,1,55,12,2,1,1
375,2004,0.9184,504,5,32,19,4,2,1
377,2004,0.9184,504,5,44,16,2,1,1
378,2004,0.9184,504,2,67,12,2,2,1
381,2004,0.9184,504,5,38,16,1,2,1
382,2004,0.9184,504,2,69,16,4,1,1
385,2004,0.9184,504,1,40,16,4,2,1
386,2004,1.8368,504,1,32,16,4,1,3
387,2004,1.3776,504,1,37,18,4,2,1
388,2004,0.9184,504,1,29,10,4,2,3
390,2004,0.9184,504,0,23,12,1,1,2
391,2004,0.4592,504,4,50,20,2,2,1
392,2004,0.9184,504,4,29,20,1,1,1
393,2004,0.9184,504,6,48,12,5,1,2
394,2004,0.9184,504,5,86,18,1,1,1
396,2004,0.4592,504,3,48,13,1,2,1
397,2004,0.9184,504,2,62,14,1,2,1
401,2004,2.7551,504,4,43,14,2,2,1
402,2004,0.4592,504,6,56,16,2,1,1
403,2004,0.4592,504,2,38,16,6,2,1
407,2004,0.9184,504,4,72,16,5,1,1
409,2004,0.4592,505,0,59,20,1,2,1
410,2004,1.3776,505,2,84,16,3,1,1
412,2004,0.9184,505,2,21,15,3,2,1
413,2004,0.9184,505,6,23,16,4,2,1
414,2004,0.4592,505,4,24,18,2,2,1
417,2004,0.9184,505,0,29,5,6,1,3
418,2004,0.4592,505,0,35,12,4,2,2
419,2004,0.4592,505,1,35,14,1,2,1
420,2004,1.8368,505,3,34,12,1,1,2
424,2004,0.9184,505,5,42,16,1,1,2
425,2004,0.9184,505,1,53,12,1,1,2
427,2004,1.8368,505,0,28,12,2,2,1
431,2004,0.9184,505,5,28,17,2,2,1
433,2004,0.9184,505,3,57,16,3,1,1
434,2004,0.9184,505,0,38,18,2,1,1
435,2004,0.9184,505,0,45,16,1,2,1
436,2004,0.4592,505,0,88,12,2,1,1
441,2004,2.2959,505,2,44,13,1,1,1
442,2004,0.4592,505,1,81,16,1,2,1
443,2004,0.9184,505,0,66,17,2,1,1
445,2004,0.9184,505,0,67,14,2,2,1
446,2004,0.9184,505,0,46,14,2,2,1
447,2004,0.9184,505,0,56,11,2,1,1
448,2004,1.8368,505,4,25,12,4,1,1
449,2004,1.8368,505,4,41,14,8,2,1
450,2004,3.6735,505,1,18,11,4,2,1
453,2004,0.4592,505,0,25,14,1,1,2
457,2004,0.9184,506,3,38,14,1,2,2
460,2004,0.4592,506,5,66,16,1,1,1
462,2004,0.9184,506,2,28,19,2,1,1
465,2004,1.8368,506,2,33,3,4,2,1
466,2004,0.4592,506,0,45,16,1,2,2
467,2004,0.9184,506,0,40,14,4,1,2
468,2004,0.4592,506,0,36,14,1,2,2
470,2004,0.9184,506,0,61,14,10,2,1
471,2004,0.9184,506,5,73,13,1,2,1
472,2004,0.9184,506,2,59,20,3,2,1
474,2004,1.8368,506,0,30,14,8,2,3
475,2004,0.9184,506,3,56,14,3,1,1
476,2004,0.9184,506,3,80,13,3,2,1
477,2004,1.3776,506,0,45,13,1,2,2
478,2004,1.3776,506,0,19,12,2,2,1
485,2004,0.9184,506,2,19,15,2,2,1
486,2004,0.9184,506,1,40,12,2,1,1
487,2004,0.4592,506,4,34,15,2,2,1
488,2004,0.9184,506,0,56,13,1,1,2
489,2004,2.7551,506,3,45,11,1,2,2
490,2004,0.4592,506,2,33,13,4,2,2
492,2004,0.4592,506,0,69,7,1,1,2
499,2004,0.4592,506,1,63,10,1,2,2
501,2004,0.4592,506,3,21,12,1,2,2
502,2004,0.4592,506,0,30,11,1,2,2
504,2004,0.8757,507,0,43,12,,1,1
509,2004,0.9184,507,0,22,14,9,2,3
511,2004,0.9184,507,5,27,14,1,1,1
512,2004,0.9184,507,0,19,11,1,1,2
514,2004,0.4592,507,0,44,14,1,2,2
515,2004,0.4592,507,0,33,14,2,2,2
516,2004,0.9184,507,1,40,12,1,2,2
519,2004,0.9184,507,0,76,8,1,2,2
522,2004,0.9184,507,2,33,16,13,2,2
523,2004,1.3776,507,4,24,15,1,2,2
525,2004,0.9184,507,0,47,18,3,2,1
528,2004,0.4592,507,0,56,0,2,1,1
530,2004,1.3776,507,5,40,14,2,2,1
534,2004,0.4592,507,1,47,18,2,1,1
535,2004,0.9184,507,0,,18,7,1,3
537,2004,0.4592,507,0,22,9,1,1,1
539,2004,0.9184,508,3,34,16,2,1,1
540,2004,1.8368,508,0,38,13,1,2,1
542,2004,0.4592,508,3,47,16,5,2,1
544,2004,0.9184,508,2,31,12,1,2,1
545,2004,0.9184,508,1,34,16,1,1,1
546,2004,0.9184,508,1,25,17,1,1,1
552,2004,0.9184,508,1,49,16,4,1,1
554,2004,1.8368,508,3,34,15,1,1,1
555,2004,0.9184,508,3,31,16,4,1,1
556,2004,0.9184,508,1,45,14,1,2,1
559,2004,0.9184,508,5,34,14,4,1,2
560,2004,0.9184,508,4,30,15,1,2,2
561,2004,3.6735,508,3,19,13,1,2,2
563,2004,0.9184,508,2,33,16,1,1,1
564,2004,0.9184,508,1,31,12,4,1,1
566,2004,0.9184,508,0,38,13,1,1,2
567,2004,0.9184,508,2,30,16,1,2,2
568,2004,0.4592,508,6,50,20,1,1,1
569,2004,0.9184,508,2,24,16,1,1,1
572,2004,1.8368,508,3,44,14,1,1,1
577,2004,0.9184,508,1,33,7,2,2,1
579,2004,0.9184,508,0,27,9,2,1,1
580,2004,0.9184,508,0,45,11,4,1,1
582,2004,1.3776,508,3,49,16,1,1,1
587,2004,0.9184,508,5,44,12,1,2,2
589,2004,0.4592,508,2,28,12,4,1,1
590,2004,0.4592,508,3,50,12,8,1,1
595,2004,0.4592,509,4,24,16,4,1,1
598,2004,2.7551,509,2,26,16,5,1,1
599,2004,0.4592,509,1,64,9,1,1,2
603,2004,0.9184,509,4,57,16,1,2,2
604,2004,0.9184,509,1,59,16,1,2,2
608,2004,0.9184,509,1,66,14,1,1,1
610,2004,1.8368,509,0,42,16,1,2,3
611,2004,0.9184,509,1,41,16,1,1,1
615,2004,0.9184,509,1,37,16,1,1,1
617,2004,0.9184,509,2,44,13,1,2,2
618,2004,1.3776,509,2,58,12,1,2,1
624,2004,0.9184,510,1,48,12,2,2,3
627,2004,0.9184,510,1,50,12,11,2,1
629,2004,1.8368,510,1,54,16,1,2,1
630,2004,0.9184,510,5,35,13,2,2,1
631,2004,0.9184,510,1,38,14,4,2,1
635,2004,0.9184,510,2,45,16,2,2,1
636,2004,0.9184,510,4,43,18,1,2,2
638,2004,0.9184,510,0,45,16,11,1,1
639,2004,0.9184,510,1,40,18,1,2,2
642,2004,1.8368,510,3,57,19,1,1,1
643,2004,1.3776,510,0,48,12,1,2,3
646,2004,1.3776,510,0,18,11,2,1,3
651,2004,0.9184,510,0,53,10,2,2,1
654,2004,0.9184,510,0,40,16,2,2,1
655,2004,0.4592,510,0,74,12,1,2,1
656,2004,1.3776,510,0,61,12,1,2,1
658,2004,1.8368,510,0,29,12,11,2,2
660,2004,0.9184,510,0,24,18,4,2,2
662,2004,0.9184,510,0,36,14,1,1,2
664,2004,0.4592,510,1,27,16,1,2,2
666,2004,0.9184,510,0,38,16,2,1,1
669,2004,1.8368,510,3,50,18,2,2,1
672,2004,2.2959,511,2,24,17,4,1,3
676,2004,1.3776,511,2,48,12,2,1,1
679,2004,0.9184,511,0,46,12,1,2,1
682,2004,0.9184,511,0,67,14,3,1,1
683,2004,0.4592,511,2,26,11,2,1,1
684,2004,1.8368,511,1,63,15,2,2,1
686,2004,2.7551,511,3,47,15,2,2,1
687,2004,0.4592,511,0,26,15,5,1,3
688,2004,0.9184,511,4,67,17,2,2,1
690,2004,1.8368,511,3,26,16,1,2,3
691,2004,1.3776,511,6,57,16,2,1,1
692,2004,1.8368,511,0,54,15,2,2,1
694,2004,0.4592,512,3,30,12,1,2,2
698,2004,0.4592,512,1,32,11,2,2,3
699,2004,0.4592,512,3,40,12,11,2,2
700,2004,0.4592,512,0,29,14,1,1,2
705,2004,0.9184,512,0,56,12,1,2,2
706,2004,1.3776,512,0,20,12,1,1,2
708,2004,0.9184,512,2,29,12,1,1,2
710,2004,1.3776,512,3,22,11,1,2,1
713,2004,0.9184,512,4,65,12,4,1,1
714,2004,0.9184,512,2,51,13,1,2,1
715,2004,0.9184,512,2,47,9,1,2,1
717,2004,1.8368,512,5,26,16,2,2,1
718,2004,0.9184,512,0,39,18,1,2,2
719,2004,1.8368,512,0,52,12,1,2,1
724,2004,0.9184,512,0,50,10,5,2,1
726,2004,1.8368,512,5,57,16,1,2,1
729,2004,1.8368,512,3,43,13,1,1,1
733,2004,0.9184,513,6,50,12,1,1,1
734,2004,1.3776,513,2,19,14,2,2,1
735,2004,0.4592,513,0,57,14,1,1,2
742,2004,0.9184,513,5,45,13,1,2,1
744,2004,1.3776,513,6,68,16,1,1,1
746,2004,0.9184,513,6,35,13,1,2,1
748,2004,0.9184,513,5,34,15,1,1,1
751,2004,0.9184,513,1,60,14,4,2,1
755,2004,0.9184,514,0,61,13,2,1,1
756,2004,0.9184,514,4,30,12,1,2,1
758,2004,0.9184,514,3,62,12,1,1,1
759,2004,0.9184,514,5,33,16,1,1,1
762,2004,1.3776,514,1,51,2,1,2,2
763,2004,0.4592,514,6,46,15,13,2,1
764,2004,1.8368,514,3,45,10,11,1,2
767,2004,0.9184,514,1,23,16,1,2,2
768,2004,1.8368,514,3,56,17,4,2,1
769,2004,0.4592,515,6,34,11,5,2,2
770,2004,0.9184,515,2,41,16,1,1,2
773,2004,0.9184,515,3,44,16,1,1,1
777,2004,2.7551,515,1,55,14,2,1,1
780,2004,1.8368,515,2,32,16,2,2,1
781,2004,0.9184,515,3,42,16,1,1,1
783,2004,0.9184,515,1,46,14,2,1,1
784,2004,1.8368,515,3,53,12,1,2,1
788,2004,0.9184,515,4,52,18,1,2,1
789,2004,0.9184,515,6,29,17,3,1,1
790,2004,0.9184,515,4,40,20,1,1,1
794,2004,0.4592,515,6,57,16,1,1,1
795,2004,0.4592,515,1,28,12,2,2,3
797,2004,0.9184,515,4,48,17,1,2,1
798,2004,0.9184,515,1,59,14,1,2,1
799,2004,0.9184,515,1,78,12,1,2,1
800,2004,0.9184,515,1,66,15,1,1,1
801,2004,1.8368,515,2,36,18,1,2,1
803,2004,0.4592,516,3,60,17,1,2,1
805,2004,0.9184,516,2,44,14,1,2,1
808,2004,1.8368,516,3,41,14,1,2,1
811,2004,0.9184,516,5,28,18,1,2,1
813,2004,1.3776,516,3,51,16,1,1,1
816,2004,0.4592,516,6,47,17,1,2,1
820,2004,0.4592,516,0,37,12,1,1,2
821,2004,0.4592,516,5,25,14,1,2,1
824,2004,0.9184,516,1,19,12,1,2,1
828,2004,0.4592,516,6,55,16,1,2,1
829,2004,1.8368,516,3,32,16,1,1,1
831,2004,0.4592,516,0,48,12,1,1,1
835,2004,0.9184,517,3,43,20,1,1,1
836,2004,0.9184,517,3,23,15,2,2,1
841,2004,0.9184,517,2,62,17,1,1,1
843,2004,0.9184,517,3,46,16,2,1,1
844,2004,0.9184,517,4,45,18,1,2,1
846,2004,0.9184,517,3,26,15,3,2,1
847,2004,0.4592,517,3,62,14,3,2,1
848,2004,1.8368,518,4,52,15,2,1,1
850,2004,0.9184,518,0,64,14,1,1,1
855,2004,1.8368,518,2,50,16,1,2,1
856,2004,0.9184,518,1,72,16,1,2,1
860,2004,0.9184,518,0,46,16,1,2,1
862,2004,0.9184,518,1,52,15,4,1,1
863,2004,0.4592,518,0,39,9,1,2,2
864,2004,0.9184,518,3,27,16,1,1,1
865,2004,0.4592,518,1,64,8,2,2,1
868,2004,0.9184,518,0,35,12,4,2,2
869,2004,0.4592,518,1,35,12,2,1,1
870,2004,1.8368,518,1,60,14,1,2,1
871,2004,0.9184,518,0,36,17,2,2,1
873,2004,0.4592,518,3,38,14,11,2,1
874,2004,0.9184,519,1,41,18,3,1,1
875,2004,1.7514,519,0,69,12,3,2,1
876,2004,0.9184,519,3,52,18,3,2,1
877,2004,0.9184,519,5,31,16,3,2,1
878,2004,1.8368,519,2,55,17,4,1,1
884,2004,0.9184,519,0,79,12,1,2,1
885,2004,0.9184,519,2,33,12,1,2,1
887,2004,0.9184,519,2,26,16,2,2,1
889,2004,0.9184,519,0,46,13,1,1,2
891,2004,1.8368,519,0,68,12,1,2,2
892,2004,0.4592,519,0,66,14,1,2,2
893,2004,1.3776,519,6,66,12,1,2,2
895,2004,0.4592,519,1,75,11,1,2,2
897,2004,0.9184,519,0,25,14,11,2,2
898,2004,0.4592,520,1,29,12,2,2,3
899,2004,0.9184,520,3,44,14,2,1,3
900,2004,1.8368,520,1,28,16,2,2,3
902,2004,0.4592,520,2,78,12,2,1,1
905,2004,1.3776,520,6,69,18,2,1,3
906,2004,1.8368,520,3,49,16,10,1,1
912,2004,2.7551,520,5,22,16,4,2,1
914,2004,0.9184,520,1,28,14,11,1,2
915,2004,0.9184,520,6,60,20,1,1,1
919,2004,1.3776,520,3,64,18,2,2,1
920,2004,1.8368,521,5,48,16,4,2,1
921,2004,0.9184,521,2,63,13,2,1,1
925,2004,0.4592,521,0,64,20,2,1,1
927,2004,1.8368,521,2,50,18,1,1,1
928,2004,0.4592,521,0,36,16,11,1,1
932,2004,0.4592,521,0,48,13,8,1,1
933,2004,0.9184,521,1,58,14,2,1,1
934,2004,0.9184,521,0,35,17,9,2,3
936,2004,0.9184,521,5,23,15,4,1,1
939,2004,0.4592,521,5,51,15,4,1,1
941,2004,0.4592,521,4,29,14,4,2,1
942,2004,0.4592,521,3,56,13,1,2,1
943,2004,0.4592,521,1,40,12,4,2,1
944,2004,2.2959,521,3,50,12,1,2,1
945,2004,1.3776,521,3,48,14,1,2,1
947,2004,0.9184,521,1,35,12,2,1,1
950,2004,0.9184,521,2,47,12,1,2,1
952,2004,0.9184,522,3,44,18,2,1,1
954,2004,0.9184,522,0,67,12,2,1,1
955,2004,0.4592,522,1,73,11,1,2,1
957,2004,0.4592,522,2,30,10,11,1,1
958,2004,0.9184,522,4,27,17,11,2,1
961,2004,0.9184,522,0,25,16,2,2,1
965,2004,0.9184,522,0,25,16,1,2,1
966,2004,1.3776,522,1,55,12,2,2,1
967,2004,1.3776,522,2,23,12,1,1,1
968,2004,0.9184,522,1,39,12,1,2,1
970,2004,1.8368,522,0,70,12,2,2,1
975,2004,0.9184,523,3,74,16,2,2,1
976,2004,0.4592,523,3,64,18,2,2,1
978,2004,0.9184,523,3,26,16,1,1,1
981,2004,0.4592,523,0,52,17,4,1,1
983,2004,0.4592,523,4,38,16,4,2,1
985,2004,0.4592,523,1,73,14,1,2,1
986,2004,0.9184,523,1,34,18,1,1,1
987,2004,0.9184,524,1,32,14,1,2,1
988,2004,0.9184,524,2,37,12,2,1,1
994,2004,0.4592,524,2,34,14,1,2,2
995,2004,0.9184,524,3,25,12,1,2,2
997,2004,0.9184,524,3,32,14,1,2,2
998,2004,0.4592,524,2,59,6,1,1,2
999,2004,1.3776,524,2,19,11,1,2,2
1000,2004,0.9184,524,2,36,19,3,1,1
1001,2004,0.9184,524,2,65,20,3,2,1
1005,2004,0.9184,525,3,56,20,2,1,2
1007,2004,0.9184,525,0,51,15,2,1,1
1008,2004,1.3776,525,0,57,13,1,1,2
1009,2004,0.4592,525,1,32,13,2,1,1
1012,2004,0.9184,525,0,85,8,2,2,1
1015,2004,1.8368,525,4,28,12,4,2,1
1017,2004,0.4592,525,1,78,13,2,2,1
1018,2004,1.3776,525,0,20,13,4,1,1
1023,2004,1.8368,525,2,34,12,2,1,1
1026,2004,2.7551,525,5,23,16,2,1,1
1027,2004,1.3776,525,2,19,12,1,2,1
1031,2004,0.4592,526,3,70,12,2,1,1
1034,2004,1.3776,526,2,52,16,3,2,1
1035,2004,0.9184,526,6,46,13,1,1,1
1036,2004,0.9184,526,1,69,20,2,1,1
1037,2004,0.4592,526,1,32,18,2,2,1
1039,2004,0.9184,526,1,38,14,1,2,2
1041,2004,0.4592,526,2,77,19,1,1,1
1042,2004,0.4592,526,0,44,13,2,1,1
1043,2004,1.8368,526,1,41,15,2,2,1
1049,2004,0.4592,526,2,38,12,11,1,1
1050,2004,0.9184,526,2,32,20,1,2,2
1054,2004,1.8368,526,2,34,14,2,2,1
1055,2004,1.8368,526,5,38,16,2,2,1
1061,2004,0.9184,526,1,60,16,1,1,1
1063,2004,0.9184,526,4,83,12,2,2,1
1065,2004,0.9184,526,2,49,14,,2,1
1066,2004,0.9184,526,2,32,16,1,2,1
1067,2004,0.9184,526,5,81,16,4,1,1
1068,2004,1.8368,526,1,52,14,1,2,1
1072,2004,1.8368,527,1,26,15,1,2,1
1073,2004,0.9184,527,3,42,14,1,1,1
1077,2004,0.9184,527,0,42,16,1,2,1
1080,2004,1.3776,527,3,24,16,2,2,1
1081,2004,0.4592,527,1,27,18,1,1,1
1084,2004,1.8368,527,3,52,16,1,2,1
1087,2004,0.9184,527,2,41,16,4,2,1
1091,2004,0.4592,527,2,89,12,1,2,1
1092,2004,1.8368,527,3,40,16,2,2,1
1093,2004,1.3776,527,2,52,17,2,2,1
1095,2004,0.9184,527,2,37,12,5,2,1
1098,2004,0.9184,527,1,56,12,1,2,1
1100,2004,0.4592,527,3,44,14,2,1,1
1103,2004,0.9184,527,2,68,12,1,2,1
1107,2004,0.4592,528,0,44,16,1,2,2
1108,2004,0.9184,528,0,50,15,1,1,2
1109,2004,1.3776,528,0,49,13,2,1,1
1110,2004,0.4592,528,1,55,12,1,1,1
1111,2004,0.4592,528,1,33,13,2,2,1
1113,2004,0.4592,528,4,55,14,1,2,1
1114,2004,0.4592,528,1,46,9,11,1,1
1116,2004,0.9184,528,2,45,12,1,2,1
1117,2004,0.4592,528,0,58,14,1,1,2
1119,2004,0.9184,528,1,56,13,1,2,1
1120,2004,0.9184,528,1,48,12,2,1,1
1121,2004,0.4592,528,1,57,16,2,1,1
1122,2004,0.4592,528,6,51,14,1,1,1
1123,2004,1.3776,528,3,36,11,1,2,1
1129,2004,0.9184,528,2,22,11,5,2,1
1130,2004,1.8368,528,6,58,12,10,2,1
1134,2004,0.9184,528,2,43,12,11,2,1
1136,2004,0.9184,528,5,31,14,1,2,1
1137,2004,0.9184,528,1,54,13,1,1,1
1141,2004,0.9184,529,0,72,11,4,1,1
1142,2004,0.9184,529,0,25,13,2,2,1
1143,2004,0.4592,529,0,67,17,4,1,1
1144,2004,1.3776,529,0,21,14,1,2,1
1146,2004,0.9184,529,0,27,17,2,2,1
1147,2004,0.9184,529,0,36,12,1,1,1
1148,2004,0.9184,529,4,35,16,1,2,1
1149,2004,0.4592,529,0,89,12,1,2,1
1150,2004,0.4592,529,0,62,9,4,1,1
1151,2004,0.4592,529,1,81,13,2,2,1
1152,2004,0.9184,529,0,80,12,2,1,1
1153,2004,0.9184,529,2,53,18,1,2,1
1155,2004,0.9184,529,3,27,16,1,2,1
1160,2004,0.9184,529,2,22,16,4,2,1
1162,2004,0.9184,529,6,74,12,1,1,1
1167,2004,0.4592,529,0,47,15,1,2,1
1169,2004,1.3776,529,2,65,18,2,1,1
1172,2004,0.4592,529,3,74,12,2,1,1
1173,2004,0.9184,529,3,51,15,2,2,1
1174,2004,0.9184,529,2,28,11,2,1,1
1176,2004,0.9184,530,2,73,12,1,2,2
1177,2004,1.8368,530,2,60,13,1,1,2
1180,2004,0.9184,530,2,57,12,2,2,1
1184,2004,0.4592,530,1,57,16,4,2,1
1185,2004,0.4592,530,4,32,16,1,1,1
1188,2004,0.9184,530,0,22,14,4,1,1
1189,2004,0.9184,530,2,63,12,1,2,1
1191,2004,0.9184,530,1,46,12,1,2,1
1193,2004,1.3776,530,2,18,12,4,2,1
1194,2004,0.4592,530,2,37,13,1,2,1
1195,2004,0.9184,530,3,37,18,1,1,1
1196,2004,0.9184,530,0,38,12,1,1,1
1198,2004,0.9184,530,3,33,14,4,2,1
1201,2004,0.9184,530,0,47,14,1,2,1
1202,2004,0.9184,530,2,34,14,1,2,1
1204,2004,0.9184,530,2,62,12,1,2,1
1205,2004,0.9184,530,5,58,12,1,2,1
1208,2004,0.9184,531,1,27,13,1,1,1
1217,2004,1.8368,531,0,24,16,4,2,1
1220,2004,0.4592,531,5,74,12,1,2,1
1221,2004,1.8368,531,0,36,14,2,2,1
1222,2004,0.9184,531,0,29,14,2,2,1
1224,2004,0.9184,531,0,32,12,1,1,1
1225,2004,0.9184,531,0,44,12,2,2,1
1227,2004,0.4592,531,0,27,17,1,2,1
1228,2004,0.9184,531,2,55,12,2,2,1
1230,2004,1.8368,531,2,59,12,1,1,1
1232,2004,0.4592,531,0,40,12,1,2,1
1234,2004,1.8368,531,3,44,16,4,2,1
1235,2004,1.8368,531,0,46,16,4,1,1
1237,2004,0.4592,531,2,20,13,4,2,1
1238,2004,0.4592,531,0,31,15,2,2,1
1239,2004,0.4592,531,0,78,2,2,2,3
1241,2004,0.4592,531,0,25,12,1,2,2
1244,2004,0.9184,532,3,41,16,1,2,1
1246,2004,1.6354,532,5,48,12,1,2,1
1247,2004,0.9184,532,3,46,16,1,2,1
1252,2004,0.9184,532,2,32,16,1,2,1
1253,2004,0.9184,532,2,22,12,4,1,1
1256,2004,1.8368,532,4,36,18,2,1,1
1258,2004,0.9184,532,3,55,16,4,1,1
1259,2004,1.8368,532,0,46,14,4,2,2
1261,2004,0.9184,532,6,31,15,4,2,1
1264,2004,0.4592,532,3,62,12,1,2,1
1268,2004,0.9184,532,2,38,12,4,2,1
1271,2004,1.3776,532,2,18,12,1,1,1
1272,2004,0.9184,532,2,60,16,1,2,1
1273,2004,1.3776,532,2,38,13,2,2,1
1274,2004,0.4592,532,2,43,12,1,2,2
1275,2004,0.4592,532,1,70,9,1,2,1
1277,2004,0.9184,532,1,38,12,2,1,1
1278,2004,0.9184,532,4,52,12,1,2,1
1280,2004,0.9184,532,5,40,19,1,1,1
1281,2004,1.3776,532,4,25,14,4,2,1
1283,2004,0.4592,533,5,43,16,4,2,1
1286,2004,0.9184,533,5,73,12,1,1,1
1292,2004,0.4592,533,0,42,17,1,2,1
1293,2004,0.9184,533,3,44,14,1,2,1
1294,2004,0.9184,533,3,45,16,1,2,1
1296,2004,0.9184,533,6,70,14,1,1,2
1299,2004,1.8368,533,3,32,14,7,1,2
1300,2004,0.9184,533,5,26,16,4,1,1
1302,2004,0.4592,533,0,79,12,2,2,1
1305,2004,1.8368,533,1,60,12,1,2,1
1307,2004,0.4592,533,4,62,11,1,2,1
1308,2004,1.3776,533,0,21,15,11,1,1
1310,2004,0.4592,533,1,23,11,1,2,1
1312,2004,0.9184,534,4,65,12,1,2,1
1313,2004,0.9184,534,0,41,13,1,2,1
1316,2004,0.9184,534,1,42,12,1,1,1
1318,2004,0.9184,534,0,45,14,1,1,1
1321,2004,0.9184,534,2,35,20,2,1,1
1323,2004,0.4592,534,2,25,12,1,1,1
1324,2004,0.4592,534,2,27,12,2,2,1
1325,2004,0.9184,534,2,20,9,4,2,1
1326,2004,1.3776,534,4,48,12,2,2,1
1327,2004,1.8368,534,2,47,13,2,2,1
1328,2004,0.9184,534,0,72,12,1,1,1
1332,2004,0.9184,534,2,33,12,1,1,1
1333,2004,0.9184,534,2,62,16,1,2,1
1336,2004,1.3776,534,3,51,12,2,2,1
1337,2004,0.9184,534,6,35,20,1,2,1
1338,2004,0.9184,534,5,51,13,5,1,1
1339,2004,1.8368,534,2,41,16,4,1,1
1341,2004,0.9184,534,6,55,16,1,1,1
1342,2004,1.8368,534,3,18,11,1,1,1
1344,2004,0.9184,534,2,19,13,1,1,1
1345,2004,0.4592,534,1,27,20,7,1,3
1347,2004,0.4592,534,0,67,8,4,1,2
1348,2004,1.8368,534,3,24,7,2,2,1
1350,2004,0.9184,534,3,71,16,1,2,1
1351,2004,0.9184,535,2,42,12,1,2,2
1353,2004,0.4592,535,3,48,13,1,2,1
1354,2004,0.9184,535,6,42,16,11,1,1
1359,2004,1.3776,535,2,31,12,2,1,1
1362,2004,1.3776,535,3,67,12,2,2,1
1363,2004,0.9184,535,1,67,8,1,1,1
1364,2004,0.9184,535,2,58,14,1,2,1
1365,2004,1.3776,535,1,38,16,2,1,1
1370,2004,0.9184,535,3,24,16,1,2,1
1373,2004,0.9184,535,4,30,17,1,2,1
1374,2004,0.9184,535,4,35,17,4,2,3
1377,2004,1.3776,535,4,54,12,1,1,1
1379,2004,0.9184,535,0,24,16,2,1,1
1380,2004,0.9184,535,1,33,16,1,2,1
1382,2004,0.9184,536,1,70,11,1,2,2
1383,2004,0.9184,536,1,27,6,4,1,3
1385,2004,0.4592,536,2,49,12,1,2,1
1386,2004,0.4592,536,2,33,11,4,1,1
1387,2004,0.4592,536,2,29,11,1,2,1
1388,2004,0.9184,536,1,37,12,1,1,2
1390,2004,0.4592,536,3,44,15,1,1,2
1398,2004,0.9184,536,5,24,14,4,2,1
1399,2004,0.9184,536,2,54,14,1,1,2
1401,2004,3.6735,536,1,58,16,1,1,1
1403,2004,0.9184,536,3,40,16,2,2,1
1405,2004,1.8368,536,3,45,19,1,2,1
1406,2004,0.9184,536,3,28,16,1,2,1
1407,2004,0.9184,536,0,75,12,1,2,1
1408,2004,0.9184,536,5,64,20,3,2,1
1409,2004,0.4592,536,0,31,16,5,2,1
1412,2004,0.9184,536,4,66,12,2,1,1
1413,2004,0.9184,536,3,30,16,1,1,1
1416,2004,0.9184,537,3,29,19,6,1,1
1418,2004,0.4592,537,4,60,12,1,2,1
1421,2004,0.4592,537,1,34,9,1,2,1
1423,2004,0.4592,537,0,72,10,2,1,1
1425,2004,2.7551,537,0,55,12,4,1,1
1428,2004,0.4592,537,1,49,12,4,1,1
1429,2004,0.9184,537,3,27,12,1,1,1
1430,2004,0.4592,537,3,63,15,1,2,1
1431,2004,1.8368,537,6,50,20,1,1,1
1432,2004,1.8368,537,6,35,12,10,2,1
1434,2004,0.9184,537,0,70,12,1,1,1
1437,2004,0.9184,537,3,43,12,4,2,1
1438,2004,0.9184,537,0,30,16,1,1,1
1439,2004,0.4592,537,0,65,11,4,2,1
1441,2004,0.9184,537,2,52,12,1,2,1
1442,2004,0.9184,537,0,65,12,1,1,1
1443,2004,0.4592,537,4,81,11,1,2,1
1444,2004,0.9184,537,0,18,10,1,1,1
1445,2004,0.4592,537,1,28,11,4,2,1
1446,2004,0.9184,537,1,41,13,4,2,1
1448,2004,0.9184,537,3,28,12,1,2,1
1451,2004,0.4592,538,0,23,16,1,1,1
1452,2004,0.4592,538,4,24,16,1,2,1
1453,2004,0.4592,538,0,72,15,1,2,1
1457,2004,0.9184,538,3,61,11,1,1,1
1458,2004,0.4592,538,2,21,15,1,2,1
1463,2004,1.3776,538,1,49,16,7,1,3
1464,2004,0.9184,538,1,38,18,1,2,1
1465,2004,2.2959,538,4,19,9,1,2,2
1466,2004,0.9184,538,5,32,17,1,1,1
1468,2004,0.9184,538,2,54,17,1,2,2
1470,2004,0.9184,538,1,25,12,1,2,1
1475,2004,0.4592,538,4,23,16,1,2,1
1476,2004,0.9184,538,0,74,12,1,1,2
1477,2004,0.4592,538,0,39,9,4,1,1
1479,2004,0.9184,538,3,24,12,1,2,2
1480,2004,0.4592,538,1,46,14,1,1,2
1481,2004,0.9184,538,3,57,12,1,2,2
1483,2004,0.9184,538,5,34,15,1,2,2
1486,2004,0.4592,539,0,50,11,1,2,2
1492,2004,0.9184,539,0,60,12,1,2,1
1493,2004,0.9184,539,0,43,14,2,2,1
1494,2004,0.9184,539,1,40,16,4,1,1
1495,2004,0.4592,539,1,70,12,1,1,1
1496,2004,0.9184,539,5,79,11,4,2,1
1500,2004,1.8368,539,3,48,13,1,1,1
1505,2004,0.9184,539,6,21,12,1,2,1
1506,2004,0.4592,539,3,60,16,2,1,1
1507,2004,0.4592,539,3,21,12,4,2,1
1509,2004,0.4592,540,3,68,11,2,2,1
1510,2004,0.4592,540,3,39,12,2,2,1
1511,2004,0.9184,540,0,44,14,1,1,1
1516,2004,0.9184,540,2,89,8,2,2,1
1517,2004,0.9184,540,0,55,13,4,2,1
1518,2004,1.8368,540,0,64,13,13,2,1
1523,2004,0.9184,540,4,32,12,13,2,1
1524,2004,0.9184,540,3,36,12,1,2,1
1525,2004,1.8368,540,4,80,15,2,1,1
1528,2004,1.8368,540,0,71,12,1,2,1
1529,2004,1.8368,540,2,57,14,4,2,1
1531,2004,0.9184,540,5,21,14,2,2,1
1537,2004,0.4592,540,1,38,9,2,2,1
1539,2004,0.4592,540,1,25,14,1,1,2
1540,2004,0.9184,540,1,30,13,2,2,1
1541,2004,0.9184,540,1,73,10,1,2,3
1542,2004,0.9184,540,1,44,9,1,1,1
1543,2004,0.4592,540,0,59,14,4,1,1
1547,2004,0.4592,541,1,32,20,1,1,2
1548,2004,1.3776,541,0,52,13,1,1,2
1551,2004,0.9184,541,4,47,11,1,1,2
1553,2004,0.4592,541,0,86,11,1,2,2
1554,2004,0.4592,541,1,45,10,1,2,2
1557,2004,0.4592,541,1,23,12,1,2,2
1558,2004,0.9184,541,1,43,9,1,1,2
1559,2004,0.4592,541,0,30,16,4,2,2
1561,2004,0.4592,541,0,50,8,1,1,2
1562,2004,0.4592,541,3,75,20,4,1,1
1565,2004,0.9184,541,0,36,14,1,2,2
1566,2004,1.3776,541,1,43,11,1,1,2
1567,2004,0.4592,541,0,26,13,4,2,2
1569,2004,0.9184,541,4,34,16,2,1,1
1573,2004,0.9184,541,1,28,12,9,1,2
1574,2004,1.8368,541,3,50,14,1,2,1
1575,2004,1.3776,541,1,20,11,4,1,1
1578,2004,0.4592,541,1,26,12,1,2,2
1581,2004,0.4592,541,1,51,12,1,1,1
1583,2004,0.9184,541,0,64,12,5,2,1
1585,2004,0.9184,541,3,26,16,1,2,3
1587,2004,0.4592,541,2,81,11,1,2,1
1588,2004,0.4592,541,1,83,14,3,1,1
1590,2004,0.9184,542,2,25,12,2,2,1
1591,2004,0.9184,542,0,45,14,4,2,1
1592,2004,0.4592,542,0,48,14,4,1,1
1596,2004,0.4592,542,1,23,15,1,2,2
1597,2004,0.4592,542,0,71,14,1,2,2
1600,2004,0.4592,542,2,50,16,1,2,2
1601,2004,0.9184,542,0,31,9,1,1,2
1602,2004,0.4592,542,1,47,14,4,1,2
1606,2004,0.4592,542,0,47,14,4,1,2
1611,2004,0.9184,543,2,67,16,1,2,1
1612,2004,0.4592,543,4,77,16,1,1,1
1617,2004,0.9184,543,0,38,16,1,1,1
1618,2004,0.9184,543,1,32,14,1,2,2
1623,2004,0.4592,543,3,44,19,1,2,1
1627,2004,0.4592,543,5,62,19,1,2,1
1628,2004,1.8368,543,3,49,9,1,1,2
1630,2004,1.7514,543,3,58,17,2,1,1
1632,2004,0.9184,543,1,27,12,1,1,1
1633,2004,0.4592,543,0,35,16,1,2,2
1634,2004,0.4592,543,5,53,12,2,2,3
1635,2004,0.9184,543,4,78,12,1,2,1
1637,2004,0.9184,543,5,58,20,1,2,1
1639,2004,1.7514,543,6,45,20,1,1,1
1640,2004,0.4592,543,0,43,20,1,1,2
1641,2004,1.3776,543,5,42,17,5,2,1
1645,2004,0.4592,544,4,40,15,2,2,3
1650,2004,0.9184,544,3,21,13,1,2,1
1654,2004,0.9184,544,4,28,18,1,2,1
1656,2004,0.4592,544,5,75,14,1,2,1
1657,2004,0.9184,544,1,30,20,2,1,3
1660,2004,1.8368,544,2,40,11,1,1,2
1661,2004,0.4592,544,6,48,14,1,2,1
1663,2004,0.4592,544,4,28,16,4,2,1
1664,2004,0.4592,544,1,28,15,1,2,1
1665,2004,0.4592,544,4,56,13,1,2,1
1666,2004,0.9184,544,6,51,16,1,1,1
1667,2004,1.8368,544,3,63,16,3,2,1
1670,2004,0.8757,545,1,71,12,1,1,1
1672,2004,0.9184,545,3,27,15,1,2,1
1673,2004,0.9184,545,1,27,12,1,2,1
1675,2004,0.9184,545,1,39,14,11,2,3
1680,2004,0.9184,545,3,43,14,2,1,1
1682,2004,1.8368,545,4,50,16,1,2,1
1684,2004,2.2959,545,4,23,16,2,1,3
1685,2004,2.7551,545,2,76,12,1,1,1
1686,2004,0.4592,545,6,49,20,2,2,1
1687,2004,0.4592,545,5,31,13,1,1,1
1688,2004,1.8368,545,5,51,12,1,1,1
1689,2004,0.9184,545,1,23,16,1,1,2
1694,2004,0.9184,545,5,27,17,11,1,1
1695,2004,1.8368,545,4,30,16,1,2,1
1698,2004,0.9184,545,0,55,14,1,2,1
1700,2004,0.9184,545,4,40,10,1,2,1
1703,2004,0.9184,545,6,49,15,5,2,1
1705,2004,0.9184,545,5,38,16,1,2,1
1706,2004,1.3776,545,4,33,12,1,2,1
1707,2004,1.8368,545,3,60,11,1,2,1
1708,2004,0.9184,545,3,33,12,1,2,1
1711,2004,1.3776,545,2,48,10,4,1,2
1716,2004,0.4592,546,2,36,15,4,2,1
1717,2004,0.4592,546,1,36,12,2,2,1
1719,2004,1.8368,546,5,47,14,2,2,1
1722,2004,0.9184,546,4,27,12,2,2,1
1725,2004,0.9184,546,1,27,11,2,2,1
1726,2004,0.9184,546,5,62,9,2,2,1
1731,2004,0.9184,546,1,52,12,2,1,1
1733,2004,0.9184,546,4,61,8,2,2,1
1739,2004,2.7551,546,3,35,14,2,2,1
1742,2004,1.8368,547,2,29,12,4,1,1
1745,2004,0.9184,547,4,57,17,1,2,1
1748,2004,1.8368,547,2,23,12,1,1,2
1751,2004,0.4592,547,3,68,14,1,2,1
1753,2004,0.9184,547,1,43,11,1,1,3
1756,2004,1.8368,547,2,74,12,1,2,1
1757,2004,0.9184,547,1,59,5,1,1,1
1758,2004,0.9184,547,4,56,12,1,2,1
1760,2004,0.9184,547,1,51,12,1,1,1
1765,2004,1.8368,547,1,46,12,1,2,1
1766,2004,0.9184,547,1,59,16,1,1,1
1767,2004,0.9184,547,1,36,14,1,1,1
1769,2004,1.3776,548,0,21,15,4,1,1
1770,2004,0.9184,548,4,24,12,11,2,1
1771,2004,1.3776,548,1,27,15,2,2,1
1772,2004,0.9184,548,1,34,18,1,1,1
1773,2004,0.4592,548,0,43,14,1,1,2
1775,2004,0.4592,548,1,30,16,1,2,1
1777,2004,0.4592,548,0,50,9,1,2,2
1781,2004,0.9184,548,1,57,16,1,2,1
1783,2004,0.9184,548,1,35,13,1,2,1
1784,2004,0.9184,548,1,21,10,1,2,1
1785,2004,0.9184,548,1,37,16,4,1,1
1788,2004,0.4592,548,2,79,12,2,2,1
1790,2004,1.3776,548,6,63,13,2,1,1
1793,2004,0.9184,548,3,32,16,1,2,1
1795,2004,0.9184,548,6,30,15,1,1,1
1796,2004,2.7551,548,1,23,17,1,1,1
1798,2004,0.9184,548,5,30,16,1,1,2
1799,2004,0.4592,548,1,42,12,4,2,2
1800,2004,0.9184,548,5,47,12,1,2,2
1801,2004,0.9184,548,1,56,13,1,2,2
1804,2004,1.8368,548,1,52,12,1,1,2
1807,2004,0.9184,549,2,53,14,1,2,1
1808,2004,0.4592,549,3,66,15,4,2,1
1811,2004,1.3776,549,2,48,12,4,2,1
1812,2004,0.9184,549,4,55,12,,2,1
1813,2004,0.9184,549,0,72,12,2,2,1
1814,2004,1.8368,549,3,21,15,4,1,1
1817,2004,0.9184,549,3,57,12,1,2,1
1820,2004,0.9184,549,4,24,15,1,2,1
1823,2004,0.9184,549,5,64,18,2,1,1
1824,2004,0.9184,549,4,42,12,1,2,1
1826,2004,0.9184,549,4,36,14,1,2,1
1827,2004,0.4592,549,3,61,12,1,1,1
1832,2004,0.9184,549,0,29,20,11,1,1
1833,2004,0.9184,549,4,20,13,13,1,1
1834,2004,0.4592,549,6,30,16,1,1,1
1837,2004,0.4592,549,2,63,13,1,2,1
1838,2004,1.8368,549,4,38,12,13,1,1
1839,2004,0.9184,549,3,70,14,1,1,1
1840,2004,0.9184,549,2,75,16,1,1,1
1843,2004,1.3776,550,1,47,14,1,1,1
1844,2004,1.3776,550,3,44,12,1,2,1
1846,2004,0.9184,550,5,58,13,1,2,1
1847,2004,0.4592,550,1,32,14,4,2,1
1848,2004,0.4592,550,2,48,20,4,1,1
1849,2004,0.9184,550,2,26,12,2,2,1
1851,2004,0.4592,550,2,36,14,2,1,1
1852,2004,0.9184,550,1,47,10,1,1,1
1855,2004,1.3776,550,2,49,13,1,1,1
1856,2004,2.7551,550,2,23,12,11,1,1
1857,2004,0.9184,550,3,75,15,1,2,1
1859,2004,0.9184,550,6,71,12,1,2,1
1860,2004,0.9184,550,3,31,13,11,1,3
1864,2004,0.4592,550,4,48,8,1,1,1
1865,2004,0.9184,550,6,40,16,1,2,1
1869,2004,0.9184,550,4,28,16,1,1,1
1871,2004,0.9184,551,6,51,14,1,2,1
1874,2004,0.9184,551,3,45,14,2,1,1
1875,2004,0.9184,551,0,30,13,10,1,1
1877,2004,0.4592,551,2,71,15,1,2,1
1878,2004,0.9184,551,3,44,20,4,1,3
1881,2004,0.8757,551,6,47,19,4,2,1
1882,2004,0.9184,551,5,86,12,1,2,1
1883,2004,0.9184,551,4,25,16,4,1,3
1884,2004,0.4592,551,2,82,12,2,1,1
1886,2004,0.9184,551,1,49,18,11,1,1
1890,2004,0.4592,551,6,46,16,1,2,1
1892,2004,0.9184,551,3,24,18,1,1,1
1894,2004,0.9184,551,0,58,20,1,2,1
1897,2004,0.9184,551,1,64,14,1,1,1
1902,2004,0.4592,552,3,48,18,1,2,1
1903,2004,0.4592,552,6,61,14,2,1,1
1905,2004,0.4592,552,4,49,20,4,2,1
1906,2004,1.8368,552,3,89,17,1,2,1
1908,2004,0.4592,552,5,24,16,4,1,1
1910,2004,0.9184,552,2,29,16,4,2,1
1911,2004,0.9184,552,6,39,12,1,1,1
1912,2004,0.4592,552,3,28,15,2,2,1
1921,2004,0.4592,552,6,67,13,1,2,1
1925,2004,0.9184,552,5,39,12,5,2,1
1926,2004,0.4592,552,4,43,18,1,1,1
1928,2004,0.4592,552,3,34,12,4,1,1
1929,2004,1.3776,552,3,20,12,11,1,1
1930,2004,0.4592,552,1,41,16,13,1,1
1934,2004,0.9184,553,1,46,13,1,2,2
1936,2004,0.9184,553,0,26,13,1,2,1
1937,2004,1.8368,553,3,75,18,1,1,1
1940,2004,0.9184,553,1,31,12,1,1,1
1945,2004,0.4592,553,0,21,12,2,2,1
1949,2004,0.4592,553,1,66,13,1,2,1
1952,2004,0.4592,553,0,39,19,4,1,1
1955,2004,0.4592,553,3,85,10,2,1,1
1956,2004,0.4592,553,3,51,14,1,1,1
1957,2004,1.8368,553,0,21,13,1,2,1
1958,2004,0.9184,553,0,76,14,1,2,1
1960,2004,0.4592,553,0,70,11,1,2,1
1961,2004,1.8368,553,4,36,12,1,1,1
1965,2004,0.4592,554,0,83,13,1,2,1
1967,2004,0.9184,554,1,34,13,2,2,3
1969,2004,1.8368,554,1,43,16,1,1,3
1970,2004,1.8368,554,1,24,11,1,2,3
1972,2004,0.4592,554,2,40,14,1,2,3
1973,2004,0.9184,554,1,33,13,2,2,1
1975,2004,0.4592,554,2,76,10,6,2,3
1976,2004,0.4592,554,4,75,12,2,2,3
1978,2004,1.8368,554,1,45,18,4,2,1
1979,2004,1.3776,554,2,51,16,6,2,3
1982,2004,0.9617,555,5,40,14,2,2,1
1985,2004,0.9617,555,3,56,0,1,2,1
1986,2004,1.9234,555,0,54,12,10,1,1
1988,2004,1.9234,555,2,80,7,2,1,1
1989,2004,0.9617,555,3,40,12,8,2,1
1990,2004,0.9617,555,0,60,12,1,1,1
1991,2004,0.9617,555,5,83,16,1,2,1
1997,2004,0.9617,555,4,44,16,2,1,1
1998,2004,0.9617,555,2,43,13,2,1,1
1999,2004,1.9234,555,3,69,18,2,1,1
2001,2004,0.9617,556,2,26,12,4,2,1
2003,2004,1.4425,556,4,18,12,8,1,1
2004,2004,1.9234,556,3,23,11,4,1,1
2008,2004,0.9617,556,3,26,12,1,1,1
2012,2004,1.9234,556,3,42,17,2,2,1
2015,2004,0.9617,556,2,89,12,1,2,1
2020,2004,0.9617,556,3,65,15,1,2,1
2021,2004,0.9617,556,2,47,19,8,2,1
2024,2004,0.9617,556,3,66,18,1,2,1
2025,2004,1.4425,557,2,58,20,1,1,1
2028,2004,1.9234,557,4,63,12,1,2,1
2029,2004,0.9617,557,5,40,12,2,1,1
2031,2004,0.9617,557,2,46,12,1,1,1
2032,2004,0.9617,557,2,54,12,1,2,1
2033,2004,0.9617,558,2,47,16,2,1,1
2036,2004,0.9617,558,6,32,13,1,2,1
2037,2004,0.4808,558,2,28,18,1,1,1
2042,2004,0.9617,558,2,50,14,2,1,1
2045,2004,1.4425,558,3,26,16,1,1,1
2046,2004,0.9617,558,3,25,15,1,2,2
2047,2004,0.9617,558,3,26,13,1,2,1
2050,2004,0.9617,558,4,23,16,1,2,1
2051,2004,0.9617,558,1,75,12,1,1,1
2052,2004,0.4808,558,5,33,20,4,1,1
2056,2004,0.9617,558,6,27,14,2,2,2
2057,2004,0.4808,558,5,26,13,4,2,1
2058,2004,1.9234,558,4,26,15,1,1,1
2061,2004,1.4425,558,2,47,14,4,1,1
2063,2004,0.4808,558,5,48,10,4,1,1
2066,2004,0.9617,558,6,65,20,1,1,1
2069,2004,1.4425,558,3,40,14,11,2,1
2072,2004,0.9617,558,0,54,12,4,1,1
2075,2004,0.4808,559,0,50,11,4,1,1
2079,2004,1.4425,559,1,18,6,2,2,3
2080,2004,0.4808,559,2,68,15,1,1,1
2083,2004,1.4425,559,1,52,6,4,1,3
2084,2004,0.4808,559,2,42,11,1,2,1
2087,2004,1.4425,559,4,43,14,2,1,1
2088,2004,0.9617,559,2,55,12,1,2,1
2089,2004,0.9617,559,3,19,14,4,1,1
2090,2004,0.9617,559,0,27,16,11,2,1
2095,2004,1.9234,559,1,45,14,2,1,1
2096,2004,0.9617,559,2,41,14,10,2,1
2101,2004,1.9234,559,2,46,15,1,2,1
2102,2004,0.9617,559,5,49,12,4,1,1
2104,2004,0.9617,559,4,32,16,1,2,1
2111,2004,0.4808,560,1,63,12,1,2,1
2114,2004,0.9617,560,0,29,13,1,2,1
2116,2004,0.4808,560,0,89,8,1,2,1
2118,2004,0.9617,560,0,70,12,2,1,1
2119,2004,0.9617,560,0,60,12,1,2,1
2120,2004,0.9617,560,0,60,12,1,2,1
2122,2004,1.9234,560,1,85,8,2,1,1
2124,2004,0.9617,560,0,63,12,1,1,1
2125,2004,0.4808,560,1,34,12,1,2,1
2126,2004,0.4808,560,0,56,12,2,2,1
2127,2004,0.4808,560,0,34,10,4,1,1
2130,2004,0.4808,560,0,53,12,1,1,1
2138,2004,0.9617,561,2,45,12,1,2,1
2139,2004,0.9617,561,0,70,12,1,1,1
2141,2004,0.9617,561,3,59,13,2,1,1
2142,2004,0.4808,561,1,82,18,4,2,1
2147,2004,0.9617,561,1,61,10,1,1,1
2149,2004,0.9617,561,2,62,10,1,1,1
2150,2004,0.4808,561,5,59,16,1,2,1
2151,2004,0.4808,562,1,28,13,13,2,1
2152,2004,0.9617,562,1,32,13,1,1,1
2154,2004,0.9617,562,2,49,12,11,2,1
2158,2004,0.9617,562,2,82,12,1,1,1
2159,2004,0.9617,562,3,22,11,4,1,1
2161,2004,0.9617,562,2,50,14,1,2,1
2163,2004,0.9617,562,3,67,12,1,2,1
2168,2004,0.4808,562,2,36,12,2,2,1
2171,2004,0.4808,562,1,59,8,1,2,1
2172,2004,0.4808,562,3,79,8,1,1,1
2173,2004,0.4808,562,2,84,13,1,2,1
2174,2004,0.9617,562,5,55,15,1,2,1
2179,2004,0.9617,562,0,58,12,11,2,3
2181,2004,0.9617,562,2,78,8,1,1,1
2182,2004,1.4425,562,1,18,12,4,2,1
2183,2004,0.9617,562,1,38,16,1,1,1
2186,2004,0.9617,562,2,59,13,1,1,1
2188,2004,0.9617,562,4,80,13,1,2,1
2189,2004,0.9617,562,3,49,16,2,2,1
2190,2004,0.9617,562,1,65,9,1,2,1
2193,2004,0.4808,562,1,24,12,4,1,1
2194,2004,0.9617,563,1,31,12,4,2,1
2195,2004,0.9617,563,1,52,12,1,1,1
2197,2004,0.9617,563,1,42,16,1,1,1
2200,2004,0.9617,563,1,54,10,1,1,1
2203,2004,0.4808,563,1,35,9,4,2,1
2204,2004,0.9617,563,1,35,16,1,1,1
2208,2004,0.9617,563,2,28,12,4,1,1
2209,2004,0.9617,563,0,70,16,1,1,1
2210,2004,0.4808,563,2,70,9,1,2,1
2211,2004,0.9617,563,2,39,16,1,2,1
2212,2004,0.9617,563,0,83,13,1,1,1
2213,2004,1.9234,563,1,54,11,1,1,1
2217,2004,1.9234,563,2,25,13,1,2,1
2220,2004,1.4425,563,2,55,9,1,2,1
2223,2004,0.4808,563,2,59,12,1,1,1
2224,2004,0.9617,563,1,54,12,4,2,1
2226,2004,0.4808,563,0,74,12,1,2,1
2227,2004,1.4425,563,1,43,6,1,1,1
2228,2004,1.4425,563,4,62,12,1,2,1
2231,2004,1.4425,563,1,18,12,4,1,1
2233,2004,0.9617,564,0,58,16,1,2,1
2238,2004,0.4808,564,0,49,14,1,1,1
2239,2004,0.9617,564,1,30,12,13,2,1
2241,2004,1.9234,564,0,26,8,1,1,1
2251,2004,0.9617,564,0,45,11,2,1,1
2256,2004,0.9617,564,0,62,12,1,2,1
2260,2004,1.4425,564,0,52,15,2,2,1
2261,2004,0.4808,565,2,71,4,1,2,1
2263,2004,0.9617,565,0,65,7,4,1,1
2265,2004,0.9617,565,1,52,12,1,2,1
2267,2004,0.4808,565,0,61,9,8,1,1
2268,2004,0.9617,565,0,57,10,1,2,1
2269,2004,0.9617,565,5,44,15,1,2,1
2271,2004,0.9617,565,1,25,14,1,2,1
2272,2004,0.9617,565,2,37,12,1,1,1
2275,2004,0.4808,565,3,48,12,1,2,1
2276,2004,0.9617,565,0,45,12,1,2,1
2277,2004,1.4425,565,0,47,18,1,2,1
2278,2004,0.9617,565,0,32,12,1,2,1
2279,2004,1.9234,565,1,19,12,1,2,1
2284,2004,0.9617,565,3,67,14,1,1,1
2285,2004,0.9617,565,3,66,12,1,2,1
2286,2004,0.9617,565,1,40,12,1,2,1
2290,2004,0.4808,565,4,40,14,1,2,2
2291,2004,0.9617,565,3,28,15,4,2,1
2292,2004,0.4808,565,4,34,14,1,2,1
2295,2004,0.9617,566,4,37,20,1,2,1
2296,2004,0.9617,566,5,46,13,1,2,1
2298,2004,0.9617,566,2,55,10,1,1,1
2299,2004,0.9617,566,0,75,2,1,2,1
2300,2004,0.9617,566,2,34,12,1,1,1
2302,2004,0.9617,566,5,33,18,1,1,1
2303,2004,0.9617,566,5,35,17,1,2,1
2306,2004,0.4808,566,3,60,19,1,1,1
2310,2004,0.9617,566,2,53,16,1,1,1
2312,2004,0.9617,566,1,50,12,1,1,1
2313,2004,0.9617,566,4,45,9,1,2,1
2316,2004,0.4808,566,0,51,12,1,1,1
2319,2004,2.885,566,0,47,12,1,2,1
2320,2004,0.4808,566,6,25,13,1,1,2
2323,2004,0.4808,566,4,73,8,1,2,1
2326,2004,0.9617,567,0,28,16,1,1,1
2327,2004,0.4808,567,0,41,12,1,1,1
2331,2004,0.4808,567,0,61,14,1,1,1
2332,2004,1.4425,567,0,57,12,5,2,1
2334,2004,0.9617,567,1,47,14,1,2,1
2335,2004,0.9617,567,1,44,14,2,1,1
2338,2004,0.9617,567,0,21,14,1,1,1
2339,2004,1.9234,567,0,51,16,1,1,1
2341,2004,0.9617,567,2,42,16,1,2,1
2342,2004,0.9617,567,1,41,12,1,2,1
2343,2004,0.9617,567,1,48,12,1,2,1
2344,2004,0.4808,567,1,69,20,1,2,1
2346,2004,0.9617,567,0,60,12,1,2,1
2348,2004,0.4808,567,0,56,17,1,2,1
2349,2004,0.4808,567,1,46,12,1,1,1
2352,2004,0.4808,567,3,33,11,1,2,1
2355,2004,0.9617,567,0,65,8,1,2,1
2356,2004,0.9617,567,2,18,11,11,2,1
2359,2004,0.9617,567,0,54,8,1,2,1
2361,2004,0.9617,568,0,38,7,2,1,3
2362,2004,2.885,568,2,32,14,1,2,1
2364,2004,0.4808,568,2,45,12,1,2,1
2365,2004,1.4425,568,2,71,12,2,2,1
2369,2004,0.9617,568,3,42,16,1,2,1
2371,2004,0.9617,568,0,30,16,2,2,1
2374,2004,1.4425,568,1,59,12,1,2,1
2375,2004,0.9617,568,0,43,16,1,1,1
2376,2004,0.9617,568,3,40,15,1,1,1
2378,2004,1.4425,568,0,48,14,1,2,2
2379,2004,0.9617,568,3,51,12,2,2,1
2382,2004,0.9617,569,1,25,13,1,2,1
2384,2004,0.9617,569,0,28,11,1,2,1
2385,2004,0.9617,569,0,60,12,1,1,1
2386,2004,0.9617,569,0,74,12,1,1,1
2392,2004,0.9617,569,0,86,12,1,2,1
2393,2004,0.9617,569,0,25,12,1,1,1
2397,2004,1.4425,569,0,56,13,1,2,1
2398,2004,0.9617,569,0,43,16,1,2,1
2400,2004,1.4425,569,1,31,13,1,2,2
2402,2004,0.4808,569,0,60,12,4,1,2
2403,2004,0.4808,569,0,24,13,1,1,2
2407,2004,0.4808,570,1,40,16,1,1,1
2409,2004,0.9617,570,5,69,16,1,1,1
2410,2004,0.4808,570,1,83,9,1,1,1
2412,2004,1.9234,570,1,33,13,1,1,1
2413,2004,2.885,570,1,41,8,1,2,1
2415,2004,0.9617,570,2,42,13,1,2,1
2417,2004,0.4808,570,1,32,12,1,2,2
2418,2004,0.9617,570,1,22,14,1,2,2
2423,2004,0.9617,570,0,67,14,1,2,1
2424,2004,0.9617,570,1,54,12,1,2,1
2427,2004,0.9617,570,1,60,15,1,1,1
2431,2004,0.4808,571,0,49,12,1,2,2
2432,2004,0.9617,571,0,21,15,1,1,1
2433,2004,0.4808,571,0,56,6,1,1,2
2435,2004,1.4425,571,0,46,15,1,2,2
2437,2004,0.9617,571,0,42,13,1,1,2
2439,2004,0.9617,571,1,35,14,1,2,2
2441,2004,0.4808,571,0,56,6,1,1,2
2442,2004,0.4808,571,0,28,12,1,2,2
2443,2004,1.9234,571,0,28,20,1,2,2
2444,2004,0.9617,571,2,35,14,1,2,1
2445,2004,0.4808,571,0,40,12,1,1,2
2449,2004,0.4808,571,0,46,10,4,1,2
2451,2004,0.9617,571,0,47,9,1,2,1
2452,2004,0.9617,571,0,48,13,1,2,2
2454,2004,0.9617,571,0,65,18,1,1,1
2455,2004,0.4808,571,0,56,16,1,2,1
2457,2004,0.4808,571,0,35,14,1,1,2
2458,2004,0.4808,571,0,33,11,1,2,2
2460,2004,0.4808,571,0,23,10,4,2,2
2461,2004,0.9617,571,0,49,19,1,2,2
2462,2004,0.9617,571,0,54,17,2,1,1
2463,2004,0.9617,571,0,50,20,2,2,1
2466,2004,1.9234,571,0,33,14,2,2,1
2467,2004,0.9617,571,0,64,14,1,1,1
2470,2004,1.9234,572,4,26,14,1,2,1
2477,2004,0.9617,572,0,64,10,1,2,2
2478,2004,0.9617,572,0,50,12,1,1,2
2479,2004,0.9617,572,0,37,11,4,1,2
2481,2004,1.9234,572,2,52,12,1,2,2
2483,2004,0.9617,572,4,24,12,1,2,2
2486,2004,1.9234,572,4,39,12,2,2,1
2487,2004,0.9617,572,2,60,13,1,2,1
2490,2004,1.9234,572,4,47,15,1,2,1
2491,2004,0.4808,572,2,71,9,1,2,1
2493,2004,0.4808,572,1,88,9,1,1,1
2497,2004,0.4808,572,0,37,14,4,1,1
2498,2004,0.4808,572,1,61,12,13,2,2
2499,2004,0.4808,572,0,69,12,1,2,2
2500,2004,0.9617,572,4,65,12,1,1,2
2503,2004,1.9234,573,0,21,11,4,1,1
2505,2004,0.4808,573,2,47,12,2,2,1
2506,2004,0.9617,573,0,58,6,1,1,1
2509,2004,0.9617,573,1,48,19,2,1,1
2510,2004,0.9617,573,0,84,13,1,1,1
2511,2004,0.4808,573,3,55,14,1,2,1
2512,2004,0.9617,573,3,46,16,1,2,1
2515,2004,0.4808,573,1,43,9,1,2,1
2517,2004,0.4808,573,1,25,12,1,1,1
2520,2004,0.4808,573,2,39,13,1,2,1
2522,2004,1.4425,573,1,25,13,1,2,1
2524,2004,1.9234,573,1,31,14,1,2,1
2528,2004,0.9617,574,3,44,15,1,1,1
2529,2004,0.9617,574,3,41,12,2,1,1
2531,2004,0.9617,574,2,33,12,1,2,1
2535,2004,0.9617,574,0,39,16,1,1,1
2536,2004,0.4808,574,1,75,6,1,2,1
2537,2004,0.9617,574,0,27,12,1,1,1
2538,2004,0.4808,574,3,61,12,1,1,1
2539,2004,1.9234,574,0,37,10,4,1,1
2543,2004,0.4808,574,0,53,11,1,1,2
2544,2004,1.4425,574,0,19,11,1,1,1
2547,2004,0.9617,574,3,51,12,4,1,1
2548,2004,0.9617,574,0,46,12,1,2,1
2549,2004,2.885,574,4,56,14,1,2,1
2551,2004,0.9617,574,3,40,12,1,2,1
2553,2004,0.9617,574,2,35,12,1,1,1
2555,2004,1.9234,574,1,47,12,1,2,1
2556,2004,0.9617,574,0,63,14,,2,1
2557,2004,0.9617,574,3,25,14,1,2,1
2558,2004,0.9617,575,0,75,12,1,2,1
2559,2004,0.4808,575,2,49,16,2,2,1
2563,2004,0.4808,575,3,73,10,1,1,2
2564,2004,0.9617,575,3,57,12,1,2,1
2565,2004,1.4425,575,1,72,11,1,2,1
2566,2004,0.9617,575,1,58,8,13,2,1
2568,2004,0.9617,575,2,26,12,1,2,1
2572,2004,0.9617,575,1,76,18,1,2,2
2574,2004,0.9617,575,3,62,18,1,2,1
2576,2004,0.9617,575,2,53,18,1,2,1
2578,2004,0.9617,575,3,28,16,2,2,1
2579,2004,0.9617,575,3,69,8,1,1,1
2581,2004,0.9617,575,3,74,8,13,1,1
2582,2004,0.9617,575,2,54,11,1,1,1
2583,2004,1.4425,575,1,67,7,2,1,1
2585,2004,0.9617,575,2,52,12,1,1,1
2588,2004,0.9617,576,2,52,15,1,1,1
2589,2004,0.9617,576,2,72,14,2,1,1
2593,2004,0.9617,576,2,19,11,1,2,1
2594,2004,0.9617,576,2,79,16,1,2,1
2598,2004,0.4808,576,3,37,14,2,1,1
2600,2004,0.9617,576,2,34,13,4,2,1
2605,2004,1.9234,576,1,39,14,4,1,1
2606,2004,0.9617,576,4,51,10,1,1,3
2608,2004,0.9617,576,0,35,15,1,2,1
2609,2004,0.9617,576,0,28,13,1,1,1
2610,2004,0.4808,576,3,49,14,1,2,1
2611,2004,0.9617,576,2,49,14,4,1,1
2613,2004,0.9617,576,2,42,14,1,2,1
2615,2004,0.9617,576,2,24,13,1,2,1
2616,2004,0.9617,576,2,40,13,1,2,1
2621,2004,0.4808,576,1,49,10,1,1,1
2623,2004,0.4808,576,0,54,13,4,1,1
2624,2004,1.4425,576,2,40,12,4,2,1
2627,2004,0.9617,576,0,67,12,1,2,1
2634,2004,0.9617,577,0,48,14,1,1,2
2635,2004,0.4808,577,3,34,12,2,2,3
2637,2004,0.4808,577,1,56,16,1,1,2
2640,2004,0.4808,577,0,36,13,1,2,1
2644,2004,0.9617,577,1,32,17,9,1,1
2646,2004,0.4808,577,0,60,15,4,2,1
2652,2004,0.9617,577,5,47,12,1,1,1
2654,2004,1.9234,577,3,19,12,2,2,1
2655,2004,1.9234,577,6,61,18,12,2,1
2656,2004,0.4808,577,2,42,12,2,1,1
2659,2004,0.9617,577,0,62,12,2,1,1
2662,2004,0.9617,577,0,42,17,2,1,1
2664,2004,0.9617,577,0,35,12,2,1,1
2665,2004,0.4808,578,3,46,15,1,1,1
2666,2004,0.9617,578,1,51,12,1,1,1
2667,2004,0.9617,578,4,39,16,1,2,1
2669,2004,0.4808,578,0,52,12,1,2,1
2675,2004,1.9234,578,1,34,19,1,1,1
2676,2004,0.9617,578,0,31,11,1,2,1
2681,2004,0.4808,578,4,30,14,1,2,1
2682,2004,0.9617,578,3,25,15,1,1,1
2683,2004,0.4808,578,0,41,15,4,1,1
2685,2004,0.9617,578,3,49,16,1,1,1
2686,2004,0.9617,579,2,65,10,6,1,3
2689,2004,0.9617,579,1,81,12,2,2,1
2691,2004,0.9617,579,3,26,12,2,2,2
2692,2004,0.4808,579,0,88,8,2,2,1
2693,2004,0.9617,579,5,70,12,2,1,1
2695,2004,0.4808,579,5,50,17,2,1,1
2696,2004,0.4808,579,6,32,12,5,2,1
2698,2004,0.9617,579,3,35,12,4,2,1
2699,2004,0.9617,579,2,64,11,4,1,1
2702,2004,0.4808,579,0,50,15,5,2,1
2703,2004,0.9617,579,0,34,9,1,2,3
2704,2004,0.9617,579,3,28,14,1,2,1
2705,2004,1.4425,579,1,23,12,4,2,1
2706,2004,0.9184,501,0,65,11,2,2,3
2708,2004,0.9184,501,2,51,16,2,2,1
2709,2004,0.9184,501,0,50,13,2,2,3
2710,2004,0.8757,501,0,,12,1,2,1
2712,2004,1.1071,502,2,34,16,4,2,3
2713,2004,0.9184,502,4,62,13,1,1,1
2714,2004,0.4592,502,1,68,15,1,1,1
2715,2004,0.9184,502,6,51,14,1,2,1
2716,2004,0.8757,502,0,27,12,4,1,1
2717,2004,0.9184,502,2,40,19,1,1,1
2720,2004,0.9184,502,3,60,16,3,1,1
2722,2004,0.9184,503,2,55,14,2,1,1
2723,2004,0.9184,503,3,50,14,1,1,1
2724,2004,0.4592,503,2,26,14,4,1,1
2725,2004,0.9184,504,1,51,1,2,1,1
2726,2004,1.3776,504,4,52,17,1,2,1
2727,2004,0.4592,504,3,82,16,2,2,1
2728,2004,0.4592,504,2,26,19,4,2,1
2730,2004,0.9184,506,4,61,16,2,2,1
2732,2004,0.4592,507,4,60,16,4,1,1
2733,2004,0.9184,507,2,36,18,1,2,1
2734,2004,1.3776,508,0,46,16,1,2,1
2735,2004,0.9184,508,5,34,16,1,1,1
2736,2004,0.4592,508,5,41,18,1,1,1
2737,2004,0.4592,508,0,85,16,3,2,1
2738,2004,0.9184,508,0,22,13,1,1,2
2739,2004,0.4592,509,1,40,12,2,1,2
2741,2004,1.3776,510,3,56,12,4,1,1
2742,2004,0.9184,510,0,48,11,2,2,1
2743,2004,1.3776,510,3,53,13,4,2,1
2744,2004,0.8757,511,1,46,18,4,1,1
2745,2004,0.9184,512,3,38,13,13,2,2
2746,2004,0.9184,512,1,50,12,,2,1
2747,2004,0.4592,513,1,57,12,1,1,1
2748,2004,0.9184,513,3,32,17,11,2,1
2749,2004,1.3776,514,5,47,12,2,2,1
2750,2004,0.4592,515,4,53,20,5,2,1
2751,2004,0.9184,515,3,63,11,2,1,1
2752,2004,0.9184,516,3,78,10,1,2,1
2755,2004,0.4592,519,3,67,17,3,2,1
2757,2004,0.4592,519,2,48,16,1,2,2
2758,2004,0.9184,520,5,,15,1,1,1
2762,2004,1.3776,523,2,55,16,1,2,1
2763,2004,0.4592,525,0,35,12,4,1,1
2765,2004,1.3776,526,1,37,10,4,1,2
2767,2004,0.4592,528,0,34,14,2,2,1
2769,2004,0.4592,529,2,61,15,1,2,1
2770,2004,0.9184,529,1,67,8,1,2,1
2771,2004,0.9184,530,2,45,13,4,1,1
2772,2004,0.9184,530,2,33,12,4,1,1
2773,2004,0.9184,531,2,34,12,2,2,1
2774,2004,0.9184,531,0,56,14,2,1,1
2776,2004,0.4592,533,4,60,14,1,2,2
2777,2004,0.9184,534,3,74,16,1,1,1
2778,2004,0.4592,534,0,71,12,2,1,1
2779,2004,0.9184,534,2,24,17,2,2,1
2781,2004,0.4592,536,4,85,16,4,1,1
2782,2004,0.9184,537,4,66,16,1,1,1
2784,2004,0.9184,538,5,55,16,1,1,1
2785,2004,1.3776,538,0,47,14,1,1,2
2786,2004,0.9184,539,2,66,14,2,1,1
2787,2004,1.3776,540,1,43,12,2,2,1
2788,2004,0.9184,540,0,27,11,5,1,1
2789,2004,0.4592,540,0,28,10,1,2,2
2791,2004,1.3776,541,2,43,15,1,1,1
2792,2004,0.4592,542,0,23,12,1,2,2
2793,2004,0.4592,542,0,35,12,1,2,2
2794,2004,0.9184,544,1,25,16,4,2,1
2795,2004,0.9184,544,3,21,16,1,1,1
2797,2004,0.4592,545,3,89,12,1,2,1
2798,2004,0.4592,546,5,39,16,5,2,1
2801,2004,0.9184,546,5,47,12,2,1,1
2802,2004,0.9184,548,1,62,14,1,2,1
2804,2004,0.4592,549,5,33,14,1,2,1
2807,2004,1.8368,550,6,61,19,1,1,1
2809,2004,0.9184,552,1,31,15,1,1,1
2810,2004,0.9184,552,5,62,16,1,1,1
2811,2004,0.9184,553,0,43,10,2,2,1
